INSERT INTO pet_table (gender, name, type) VALUES
('M', 'Buddy', 'DOG'), ('F', 'Bella', 'CAT'), ('M', 'Charlie', 'BIRD'),
('F', 'Luna', 'FISH'), ('M', 'Max', 'RABBIT'), ('F', 'Milo', 'DOG'),
('M', 'Rocky', 'CAT'), ('F', 'Lucy', 'BIRD'), ('M', 'Cooper', 'FISH'),
('F', 'Daisy', 'RABBIT'), ('M', 'Jack', 'DOG'), ('F', 'Zoe', 'CAT'),
('M', 'Oscar', 'BIRD'), ('F', 'Maggie', 'FISH'), ('M', 'Rex', 'RABBIT'),
('F', 'Chloe', 'DOG'), ('M', 'Simba', 'CAT'), ('F', 'Nala', 'BIRD'),
('M', 'Toby', 'FISH'), ('F', 'Lilly', 'RABBIT'), ('M', 'Finn', 'DOG'),
('F', 'Mia', 'CAT'), ('M', 'Jake', 'BIRD'), ('F', 'Ella', 'FISH'),
('M', 'Leo', 'RABBIT'), ('F', 'Sophie', 'DOG'), ('M', 'Shadow', 'CAT'),
('F', 'Ruby', 'BIRD'), ('M', 'Zeus', 'FISH'), ('F', 'Ivy', 'RABBIT'),
('M', 'Buster', 'DOG'), ('F', 'Cleo', 'CAT'), ('M', 'Spike', 'BIRD'),
('F', 'Goldie', 'FISH'), ('M', 'Thumper', 'RABBIT'), ('F', 'Nina', 'DOG'),
('M', 'Oliver', 'CAT'), ('F', 'Pepper', 'BIRD'), ('M', 'Splash', 'FISH'),
('F', 'Honey', 'RABBIT'), ('M', 'Diesel', 'DOG'), ('F', 'Gracie', 'CAT'),
('M', 'Coco', 'BIRD'), ('F', 'Angel', 'FISH'), ('M', 'Benny', 'RABBIT'),
('F', 'Rosie', 'DOG'), ('M', 'Bear', 'CAT'), ('F', 'Sunny', 'BIRD'),
('M', 'Marlin', 'FISH'), ('F', 'Trixie', 'RABBIT');

INSERT INTO domestic_pet_table (id, date_of_birth) VALUES
(1, '2020-01-15'), (2, '2019-07-21'), (3, '2018-03-12'),
(4, '2022-05-03'), (5, '2021-11-29'), (6, '2017-08-14'),
(7, '2016-02-28'), (8, '2019-12-13'), (9, '2015-06-07'),
(10, '2023-03-22'), (11, '2014-04-30'), (12, '2013-10-15'),
(13, '2012-09-18'), (14, '2011-01-11'), (15, '2022-06-01'),
(16, '2010-08-25'), (17, '2009-05-19'), (18, '2011-12-10'),
(19, '2008-04-02'), (20, '2023-01-30'), (21, '2022-09-05'),
(22, '2021-03-11'), (23, '2020-07-15'), (24, '2019-11-08'),
(25, '2018-06-21');

INSERT INTO wild_pet_table (id, place_of_birth) VALUES
(26, 'Amazon Rainforest'), (27, 'Sahara Desert'), (28, 'Rocky Mountains'),
(29, 'Coral Reefs'), (30, 'Alaskan Tundra'), (31, 'Serengeti Plains'),
(32, 'Great Barrier Reef'), (33, 'Andes Mountains'), (34, 'Arctic Circle'),
(35, 'Mojave Desert'), (36, 'Himalayas'), (37, 'Congo Basin'),
(38, 'Galapagos Islands'), (39, 'Madagascar Rainforest'),
(40, 'Yellowstone Park'), (41, 'Borneo Rainforest'), (42, 'Siberian Taiga'),
(43, 'Patagonian Steppe'), (44, 'Kalahari Desert'), (45, 'Gobi Desert'),
(46, 'Everglades'), (47, 'Zambezi River Basin'), (48, 'Caribbean Islands'),
(49, 'Balkan Mountains'), (50, 'Caspian Sea Shore');

INSERT INTO owner_table (city, email_id, first_name, gender, last_name, mobile_number, state) VALUES
('New York', 'john.doe@example.com', 'John', 'M', 'Doe', '1234567890', 'NY'),
('Los Angeles', 'jane.smith@example.com', 'Jane', 'F', 'Smith', '0987654321', 'CA'),
('Chicago', 'mark.brown@example.com', 'Mark', 'M', 'Brown', '1234509876', 'IL'),
('Houston', 'lisa.white@example.com', 'Lisa', 'F', 'White', '2345678901', 'TX'),
('Phoenix', 'david.jones@example.com', 'David', 'M', 'Jones', '3456789012', 'AZ'),
('Philadelphia', 'emily.davis@example.com', 'Emily', 'F', 'Davis', '4567890123', 'PA'),
('Dallas', 'sarah.moore@example.com', 'Sarah', 'F', 'Moore', '6789012345', 'TX'),
('San Jose', 'chris.lee@example.com', 'Chris', 'M', 'Lee', '7890123456', 'CA'),
('Austin', 'laura.wilson@example.com', 'Laura', 'F', 'Wilson', '8901234567', 'TX'),
('Charlotte', 'robert.taylor@example.com', 'Robert', 'M', 'Taylor', '9012345678', 'NC'),
('Denver', 'patricia.anderson@example.com', 'Patricia', 'F', 'Anderson', '1122334455', 'CO'),
('Seattle', 'steven.thomas@example.com', 'Steven', 'M', 'Thomas', '2233445566', 'WA'),
('Boston', 'linda.martin@example.com', 'Linda', 'F', 'Martin', '3344556677', 'MA'),
('Atlanta', 'kevin.jackson@example.com', 'Kevin', 'M', 'Jackson', '4455667788', 'GA'),
('Miami', 'olivia.king@example.com', 'Olivia', 'F', 'King', '5566778899', 'FL'),
('Nashville', 'william.clark@example.com', 'William', 'M', 'Clark', '6677889900', 'TN'),
('Las Vegas', 'emma.scott@example.com', 'Emma', 'F', 'Scott', '7788990011', 'NV'),
('Portland', 'daniel.evans@example.com', 'Daniel', 'M', 'Evans', '8899001122', 'OR'),
('San Francisco', 'sophia.walker@example.com', 'Sophia', 'F', 'Walker', '9900112233', 'CA'),
('Columbus', 'ethan.carter@example.com', 'Ethan', 'M', 'Carter', '1029384756', 'OH'),
('Indianapolis', 'ava.bennett@example.com', 'Ava', 'F', 'Bennett', '5647382910', 'IN'),
('Fort Worth', 'jacob.hall@example.com', 'Jacob', 'M', 'Hall', '7482910365', 'TX'),
('Oklahoma City', 'mia.johnson@example.com', 'Mia', 'F', 'Johnson', '8291046573', 'OK'),
('Louisville', 'noah.mitchell@example.com', 'Noah', 'M', 'Mitchell', '9482036157', 'KY'),
('Baltimore', 'sophia.morgan@example.com', 'Sophia', 'F', 'Morgan', '7281930456', 'MD');

INSERT INTO owner_pet_table (owner_id, pet_id) VALUES
(1, 1), (2, 1), (3, 1),
(2, 2), (4, 2),
(3, 3), (5, 3), (6, 3),
(4, 4), (7, 4), (8, 4),
(5, 5), (9, 5),
(6, 6), (10, 6),
(7, 7), (11, 7),
(8, 8), (12, 8),
(9, 9), (13, 9), (14, 9), (18, 9), (21, 9),
(10, 10), (15, 10), (20, 10), (25, 10),
(16, 11), (17, 11), (11, 11), (22, 11),
(18, 12), (19, 12),
(20, 13), (1, 13), (21, 13),
(2, 14), (3, 14),
(4, 15), (5, 15),
(6, 16), (7, 16),
(8, 17), (9, 17),
(10, 18), (11, 18), (23, 18),
(12, 19), (13, 19),
(14, 20), (15, 20),
(1, 21), 
(2, 22),
(3, 23), (10, 23),
(4, 24), (9, 24),
(5, 25), (11, 25),
(6, 26), (12, 26),
(7, 27), (13, 27),
(8, 28), (14, 28),
(9, 29), (15, 29),
(10, 30), (16, 30);